<?xml version="1.0" encoding="UTF-8"?>
<project-private xmlns="http://www.netbeans.org/ns/project-private/1">
    <editor-bookmarks xmlns="http://www.netbeans.org/ns/editor-bookmarks/2" lastBookmarkId="0"/>
    <open-files xmlns="http://www.netbeans.org/ns/projectui-open-files/2">
        <group>
            <file>file:/D:/Projects/Friends/Jason/Java%20LATEST/MC01B_Group9/Jason/src/jason/InputHelper.java</file>
            <file>file:/D:/Projects/Friends/Jason/Java%20LATEST/MC01B_Group9/Jason/src/jason/DeleteRecordMenu.java</file>
            <file>file:/D:/Projects/Friends/Jason/Java%20LATEST/MC01B_Group9/Jason/src/jason/MainMenu.java</file>
            <file>file:/D:/Projects/Friends/Jason/Java%20LATEST/MC01B_Group9/Jason/src/jason/AddRecordMenu.java</file>
            <file>file:/D:/Projects/Friends/Jason/Java%20LATEST/MC01B_Group9/Jason/src/jason/EditRecordMenu.java</file>
            <file>file:/D:/Projects/Friends/Jason/Java%20LATEST/MC01B_Group9/Jason/src/jason/PatientRecordsMenuNew.java</file>
            <file>file:/D:/Projects/Friends/Jason/Java%20LATEST/MC01B_Group9/Jason/src/jason/ProjectConstants.java</file>
            <file>file:/D:/Projects/Friends/Jason/Java%20LATEST/MC01B_Group9/Jason/src/jason/PatientRecordDisplayer.java</file>
            <file>file:/D:/Projects/Friends/Jason/Java%20LATEST/MC01B_Group9/Jason/src/jason/SearchRecordMenu.java</file>
        </group>
    </open-files>
</project-private>
